{
  "AA": 18874091205.760002,
  "AAON": 6630828040.08,
  "AAPL": 3757197348800.0,
  "ABT": 178754613774.03,
  "ACAD": 3784980408.6,
  "ACLS": 2921052118.35,
  "ACM": 10952039339.039999,
  "ACU": 170570397.75,
  "ADBE": 98188264000.0,
  "ADSK": 50234880000.0,
  "ADUS": 1707568697.8500001,
  "AEIS": 12636955743.72,
  "AEM": 104476342614.01999,
  "AEO": 2806801341.7599998,
  "AGCO": 8296753046.26,
  "AKAM": 17096797452.0,
  "ALAB": 19938926881.420002,
  "ALG": 2046767434.6,
  "ALGN": 12160731719.199999,
  "ALKS": 5806083700.56,
  "ALLE": 12151681973.04,
  "ALNY": 42286889464.4,
  "ALV": 7882241353.870001,
  "AMAT": 276549230353.49005,
  "AMD": 354598684432.5,
  "AMKR": 11549333242.1,
  "ANET": 159178221932.08002,
  "ANF": 4144282634.25,
  "AOS": 8895731837.849998,
  "APH": 157339511040.0,
  "APOG": 717362368.6,
  "APPF": 5654377588.080001,
  "AR": 12479836250.0,
  "ARCB": 2240951159.53,
  "ARGX": 46324980860.96,
  "ARLP": 3624318424.17,
  "ASC": 642641170.5,
  "ASIX": 680422131.84,
  "ASML": 507683710867.95,
  "ASO": 3692391373.65,
  "ATMU": 4705965301.36,
  "ATR": 8035994146.700001,
  "ATRA": 40808788.86,
  "AVGO": 1489289877277.2,
  "AVY": 13188963305.57,
  "AWI": 7068903106.47,
  "AYI": 8084474987.19,
  "AZN": 315579063333.24,
  "AZO": 56030085482.8,
  "AZZ": 3773159069.08,
  "BBW": 492847329.33,
  "BBY": 13487761216.5,
  "BCC": 2624681452.8,
  "BCPC": 5457767304.639999,
  "BDX": 43952942091.5,
  "BELFA": 2380652475.2999997,
  "BFAM": 4619074587.45,
  "BHP": 185964110769.47998,
  "BIIB": 26026157355.52,
  "BIRK": 6366827658.719999,
  "BKE": 2564993227.64,
  "BKR": 59882308611.86,
  "BKTI": 317300861.46,
  "BLBD": 2010662027.66,
  "BLD": 10045280846.67,
  "BLDR": 8751073059.28,
  "BMI": 4573631854.54,
  "BMRN": 10673946424.5,
  "BOOT": 4111625453.96,
  "BRC": 3812719588.4700003,
  "BSX": 93361523990.94,
  "BURL": 20607237548.98,
  "CARG": 3172654269.5099998,
  "CARR": 46541990535.75,
  "CBT": 3965186391.7200003,
  "CCJ": 49027947333.46,
  "CDNS": 76952381192.96,
  "CDW": 15738507671.880001,
  "CECO": 2217700252.34,
  "CF": 19965527926.98,
  "CHA": 1874242624.1,
  "CHD": 21993852477.899998,
  "CHE": 5239010761.6,
  "CHRW": 19780013317.920002,
  "CHT": 32899330818.55,
  "CIX": 286757536.39,
  "CL": 68307985043.1,
  "CLH": 15714550962.0,
  "CLMB": 380614386.88,
  "CLX": 12229025823.82,
  "CMI": 75946791701.84,
  "CMT": 195832731.27,
  "CNI": 63695652000.00001,
  "CNM": 9582283990.7,
  "CNQ": 99187049149.65001,
  "CNXN": 1502883195.6000001,
  "COCO": 2753644025.52,
  "COKE": 12959402398.86,
  "COLM": 2850542006.4,
  "COR": 63183565513.6,
  "CPRT": 32174500159.199997,
  "CRH": 69932359797.3,
  "CRI": 1306626287.3999999,
  "CRM": 172767140000.0,
  "CRS": 19501002302.67,
  "CRTO": 922393091.0,
  "CRUS": 7504717143.57,
  "CRVL": 2785761719.02,
  "CSCO": 312120548178.83997,
  "CSL": 13535205966.36,
  "CSW": 4335129238.299999,
  "CSX": 76668908450.94,
  "CTAS": 69741566153.18001,
  "CTRA": 26243226512.640003,
  "CTVA": 57374126660.92,
  "CVCO": 3724116453.9199996,
  "CVE": 49913172160.0,
  "CVGW": 479919021.15000004,
  "CVLT": 3514872752.9100003,
  "CVX": 394202853734.83,
  "CWCO": 542623463.9100001,
  "DASH": 67966002770.399994,
  "DCBO": 442294715.7,
  "DCI": 9870847930.890001,
  "DDS": 8938586757.56,
  "DECK": 13955101649.01,
  "DFIN": 1224378987.57,
  "DGII": 1879053553.6000001,
  "DHI": 40468667247.55,
  "DHR": 135255512959.28,
  "DHT": 3005036946.42,
  "DKS": 17074354781.25,
  "DMLP": 1349704936.5,
  "DOCU": 9404478877.359999,
  "DORM": 3045490934.0,
  "DRD": 2706280824.0,
  "DSGX": 6143855006.06,
  "DT": 11241084486.66,
  "DXCM": 23946290469.239998,
  "EBF": 548602263.5400001,
  "ECG": 6323034151.28,
  "ECL": 74638953407.04,
  "EFX": 22002544146.829998,
  "EHC": 9682140017.18,
  "ELF": 3611634937.24,
  "ELS": 12409425268.29,
  "EM": 286566396.53,
  "EML": 124772181.30000001,
  "EMR": 74015400000.0,
  "ENPH": 4577970759.4800005,
  "ENS": 6535591178.9,
  "ENSG": 11426134803.6,
  "EOG": 76525146234.07158,
  "ATGE": 4283135746.7329636,
  "ENTG": 17721772541.51339,
  "DIO": 0,
  "CPC": 0,
  "EPAC": 1870392212.1627731,
  "AMEA": 0,
  "AITA": 0,
  "EQIX": 98291281843.59961,
  "EPAM": 7622929299.266769,
  "ESAB": 5988915486.356094,
  "DUOF": 0,
  "DOXA": 0,
  "ALCA": 0,
  "ETD": 566435511.9642048,
  "EW": 47073841772.46094,
  "EXE": 24974975084.672546,
  "EXEL": 11764761735.53468,
  "ETN": 140251242370.60547,
  "EXP": 6026726536.192612,
  "EXPD": 19466171109.053284,
  "EXPO": 3320493640.7650146,
  "FDP": 1970709551.25,
  "FAST": 53167609275.794876,
  "FERG": 47197643326.10559,
  "FFIV": 17233644801.59738,
  "FELE": 4119198280.0354004,
  "FICO": 25851432979.501465,
  "FIZZ": 3160083476.25,
  "FIX": 49987054170.97412,
  "FLS": 9575066882.102608,
  "FLXS": 248886999.50094223,
  "FN": 19990507314.074707,
  "FND": 5131229432.450867,
  "FRPT": 2913996388.6553116,
  "FSLR": 20959984134.049194,
  "FSS": 6652467496.75,
  "FTI": 28457712654.87671,
  "FTNT": 61373276950.28644,
  "FTV": 17811661128.444275,
  "GCO": 308264972.732666,
  "GEV": 243800427729.4104,
  "GDDY": 11037013734.52835,
  "GEHC": 32100010863.806496,
  "GFS": 24021918243.75,
  "GGG": 14029152370.855904,
  "GIC": 1207556153.5354328,
  "GIBO": 42220804.28580618,
  "GIII": 1181300064.0,
  "GILD": 173408582289.83704,
  "GNRC": 11389990349.122528,
  "GMED": 11891447996.264267,
  "GOLF": 5507125499.281845,
  "GRBK": 2846979153.1749344,
  "GNTX": 4709462237.802057,
  "GRMN": 45743068074.69025,
  "GSK": 113290624110.023,
  "HAFN": 4000977644.1891212,
  "GWW": 52936983355.66406,
  "HAL": 32124886162.63565,
  "GLWC": 0,
  "HCC": 5010137880.473785,
  "HBB": 248192523.20277214,
  "HD": 320347172672.91724,
  "HLIO": 2228553747.439842,
  "HOLX": 16888477403.894691,
  "HURN": 2160774510.3762207,
  "HUBG": 2234514706.5,
  "HSY": 41792848093.92096,
  "HUBB": 26275121788.5,
  "IBEX": 373040757.7746391,
  "HWKN": 3167294126.7747498,
  "IBP": 7248548217.677673,
  "ICLR": 8880799714.573364,
  "IDCC": 8056242468.80127,
  "IDXX": 45349868162.27692,
  "IESC": 9615259517.5,
  "IEX": 14161030318.506622,
  "ICF": 1261438464.0,
  "INCY": 19091459702.7144,
  "IIIN": 655791634.4368744,
  "IMO": 64904471486.59006,
  "INSP": 1583563960.2653236,
  "INVX": 1677067794.628067,
  "INSW": 3725848055.5831985,
  "IOSP": 1836667582.7179031,
  "IPAR": 2906024549.0350647,
  "IRMD": 1230066369.0902252,
  "IR": 30783052321.38748,
  "ISRG": 160561565263.78052,
  "ITRI": 3930723436.272644,
  "IT": 11377377778.17398,
  "ITRN": 1017556647.3551941,
  "J": 15117666206.7677,
  "ITW": 74416119537.35352,
  "JBS": 19008064318.25,
  "JBL": 28687304604.00879,
  "JBHT": 20463375087.559998,
  "JCI": 81386444158.97113,
  "JILL": 166042497.93411255,
  "JDZG": 38792849.63996923,
  "JNJ": 585701821225.6986,
  "KAI": 3378734063.754486,
  "KEX": 7291564221.77124,
  "KARO": 1534779153.427887,
  "KEYS": 49952831038.661865,
  "KFRC": 546877761.3945007,
  "KLAC": 199301149480.97095,
  "KNF": 4188048716.5703735,
  "KO": 330214613977.53284,
  "KMB": 31908022973.918655,
  "KRT": 559369250.4465294,
  "KYNB": 28368258.196245193,
  "LECO": 13358905986.154694,
  "LAUR": 4790476418.828545,
  "LFS": 64355126.197948456,
  "LEN": 21416757059.024048,
  "LEVI": 7379831594.24855,
  "LII": 15945490122.241455,
  "LH": 22691388101.19629,
  "LLY": 837361663969.7908,
  "LMB": 939256602.8343964,
  "LMAT": 2471224553.210167,
  "LGC": 0,
  "LNTH": 4954307684.561317,
  "LIN": 232901905633.93347,
  "LOGI": 13559180778.04049,
  "LNN": 1091185744.0434265,
  "LOPE": 4792678235.790604,
  "LOMA": 1329941992.1963959,
  "LOW": 129596614425.9548,
  "LRCX": 274367196266.4795,
  "LPX": 4945967865.871582,
  "MA": 440364443596.4029,
  "LRN": 3931487297.5108185,
  "LSTR": 5560768502.804581,
  "LZB": 1303467499.3352337,
  "MANH": 8108349569.205139,
  "MAS": 12037250647.72417,
  "LULU": 18267687438.16205,
  "MDT": 111222950905.02463,
  "MATX": 5188046004.619217,
  "MCOM": 645502.5559245273,
  "MEDP": 14143528466.284637,
  "MCK": 109143722562.29517,
  "MGRC": 2646491447.1664734,
  "MGY": 5934209154.54998,