{
  "ticker": "AAPL",
  "analysis_date": null,
  "final_signal": "neutral",
  "final_confidence": 0.0306,
  "orchestrator_score": 57.12,
  "conflict_detected": false,
  "conflict_resolution": null,
  "weights_applied": {
    "tech": 0.85,
    "fund": 0.15
  },
  "tech_output": {
    "signal": "bullish",
    "score": 59.1,
    "band": "mixed_positive",
    "confidence": "medium",
    "computed_confidence": 0.03599999999999994,
    "subscores": {
      "ema_trend": 70.0,
      "macd_system": 63.0,
      "rsi_regime": 82.0,
      "bollinger": 69.0,
      "volume_obv": 67.0,
      "adx_stochastic": 47.0,
      "pattern_recognition": 52.7,
      "ichimoku": 8.0,
      "momentum": 60.0
    },
    "data_quality": null,
    "adx_confidence": null
  },
  "fund_output": {
    "signal": "neutral",
    "score": 45.9,
    "band": "mixed",
    "confidence": "high",
    "computed_confidence": 0.23599999999999993,
    "subscores": {
      "financial_health": 79.5,
      "valuation": 15.0,
      "quality": 67.5,
      "growth": 53.3
    },
    "data_quality": "good",
    "adx_confidence": null
  },
  "tech_error": null,
  "fund_error": null,
  "note": null,
  "text_report": "ORCHESTRATOR REPORT  \u2014  AAPL\n================================================================\nAnalysis date : latest\n\n  SIGNAL      : \u2014 NEUTRAL\n  SCORE       : 57.1 / 100\n  CONFIDENCE  : 3%\n\n  Weights     : Tech 85%  |  Fund 15%\n  Conflict    : No\n\n\u2500\u2500\u2500\u2500\u2500\u2500\u2500\u2500\u2500\u2500\u2500\u2500\u2500\u2500\u2500\u2500\u2500\u2500\u2500\u2500\u2500\u2500\u2500\u2500\u2500\u2500\u2500\u2500\u2500\u2500\u2500\u2500\u2500\u2500\u2500\u2500\u2500\u2500\u2500\u2500\u2500\u2500\u2500\u2500\u2500\u2500\u2500\u2500\u2500\u2500\u2500\u2500\u2500\u2500\u2500\u2500\u2500\u2500\u2500\u2500\u2500\u2500\u2500\u2500\nTECHNICAL AGENT\n  Signal      : \u25b2 BULLISH\n  Score       : 59.1 / 100  [mixed_positive]\n  Confidence  : medium  (computed: 0.04)\n  Subscores   : ema_trend: 70% | macd_system: 63% | rsi_regime: 82% | bollinger: 69% | volume_obv: 67% | adx_stochastic: 47% | pattern_recognition: 53% | ichimoku: 8% | momentum: 60%\n\n\u2500\u2500\u2500\u2500\u2500\u2500\u2500\u2500\u2500\u2500\u2500\u2500\u2500\u2500\u2500\u2500\u2500\u2500\u2500\u2500\u2500\u2500\u2500\u2500\u2500\u2500\u2500\u2500\u2500\u2500\u2500\u2500\u2500\u2500\u2500\u2500\u2500\u2500\u2500\u2500\u2500\u2500\u2500\u2500\u2500\u2500\u2500\u2500\u2500\u2500\u2500\u2500\u2500\u2500\u2500\u2500\u2500\u2500\u2500\u2500\u2500\u2500\u2500\u2500\nFUNDAMENTAL AGENT\n  Signal      : \u2014 NEUTRAL\n  Score       : 45.9 / 100  [mixed]\n  Confidence  : high  (computed: 0.24)\n  Data quality: good\n  Subscores   : financial_health: 80% | valuation: 15% | quality: 68% | growth: 53%\n\n================================================================"
}