{
  "ticker": "BLK",
  "analysis_date": null,
  "final_signal": "neutral",
  "final_confidence": 0.0324,
  "orchestrator_score": 39.27,
  "conflict_detected": false,
  "conflict_resolution": null,
  "weights_applied": {
    "tech": 0.15,
    "fund": 0.85
  },
  "tech_output": {
    "signal": "neutral",
    "score": 40.2,
    "band": "mixed",
    "confidence": "medium",
    "computed_confidence": 0.2080000000000001,
    "subscores": {
      "ema_trend": 0.0,
      "macd_system": 63.0,
      "rsi_regime": 58.0,
      "bollinger": 69.0,
      "volume_obv": 57.0,
      "adx_stochastic": 52.0,
      "pattern_recognition": 52.8,
      "ichimoku": 0.0,
      "momentum": 35.0
    },
    "data_quality": null,
    "adx_confidence": null
  },
  "fund_output": {
    "signal": "bearish",
    "score": 39.1,
    "band": "weak",
    "confidence": "medium",
    "computed_confidence": 0.03599999999999994,
    "subscores": {
      "financial_health": 33.3,
      "valuation": 43.4,
      "quality": null,
      "growth": 40.0
    },
    "data_quality": "fair",
    "adx_confidence": null
  },
  "tech_error": null,
  "fund_error": null,
  "note": null,
  "text_report": "ORCHESTRATOR REPORT  \u2014  BLK\n================================================================\nAnalysis date : latest\n\n  SIGNAL      : \u2014 NEUTRAL\n  SCORE       : 39.3 / 100\n  CONFIDENCE  : 3%\n\n  Weights     : Tech 15%  |  Fund 85%\n  Conflict    : No\n\n\u2500\u2500\u2500\u2500\u2500\u2500\u2500\u2500\u2500\u2500\u2500\u2500\u2500\u2500\u2500\u2500\u2500\u2500\u2500\u2500\u2500\u2500\u2500\u2500\u2500\u2500\u2500\u2500\u2500\u2500\u2500\u2500\u2500\u2500\u2500\u2500\u2500\u2500\u2500\u2500\u2500\u2500\u2500\u2500\u2500\u2500\u2500\u2500\u2500\u2500\u2500\u2500\u2500\u2500\u2500\u2500\u2500\u2500\u2500\u2500\u2500\u2500\u2500\u2500\nTECHNICAL AGENT\n  Signal      : \u2014 NEUTRAL\n  Score       : 40.2 / 100  [mixed]\n  Confidence  : medium  (computed: 0.21)\n  Subscores   : ema_trend: 0% | macd_system: 63% | rsi_regime: 58% | bollinger: 69% | volume_obv: 57% | adx_stochastic: 52% | pattern_recognition: 53% | ichimoku: 0% | momentum: 35%\n\n\u2500\u2500\u2500\u2500\u2500\u2500\u2500\u2500\u2500\u2500\u2500\u2500\u2500\u2500\u2500\u2500\u2500\u2500\u2500\u2500\u2500\u2500\u2500\u2500\u2500\u2500\u2500\u2500\u2500\u2500\u2500\u2500\u2500\u2500\u2500\u2500\u2500\u2500\u2500\u2500\u2500\u2500\u2500\u2500\u2500\u2500\u2500\u2500\u2500\u2500\u2500\u2500\u2500\u2500\u2500\u2500\u2500\u2500\u2500\u2500\u2500\u2500\u2500\u2500\nFUNDAMENTAL AGENT\n  Signal      : \u25bc BEARISH\n  Score       : 39.1 / 100  [weak]\n  Confidence  : medium  (computed: 0.04)\n  Data quality: fair\n  Subscores   : financial_health: 33% | valuation: 43% | quality: None | growth: 40%\n\n================================================================"
}