{
  "ticker": "C",
  "analysis_date": null,
  "final_signal": "bullish",
  "final_confidence": 0.0748,
  "orchestrator_score": 68.0,
  "conflict_detected": false,
  "conflict_resolution": null,
  "weights_applied": {
    "tech": 0.85,
    "fund": 0.15
  },
  "tech_output": {
    "signal": "bullish",
    "score": 72.8,
    "band": "good",
    "confidence": "low",
    "computed_confidence": 0.08800000000000012,
    "subscores": {
      "ema_trend": 97.0,
      "macd_system": 87.0,
      "rsi_regime": 82.0,
      "bollinger": 80.0,
      "volume_obv": 33.0,
      "adx_stochastic": 37.0,
      "pattern_recognition": 60.5,
      "ichimoku": 76.0,
      "momentum": 60.0
    },
    "data_quality": null,
    "adx_confidence": null
  },
  "fund_output": {
    "signal": "neutral",
    "score": 40.8,
    "band": "mixed",
    "confidence": "medium",
    "computed_confidence": 0.03199999999999989,
    "subscores": {
      "financial_health": 42.9,
      "valuation": 35.0,
      "quality": null,
      "growth": 46.7
    },
    "data_quality": "fair",
    "adx_confidence": null
  },
  "tech_error": null,
  "fund_error": null,
  "note": null,
  "text_report": "ORCHESTRATOR REPORT  \u2014  C\n================================================================\nAnalysis date : latest\n\n  SIGNAL      : \u25b2 BULLISH\n  SCORE       : 68.0 / 100\n  CONFIDENCE  : 7%\n\n  Weights     : Tech 85%  |  Fund 15%\n  Conflict    : No\n\n\u2500\u2500\u2500\u2500\u2500\u2500\u2500\u2500\u2500\u2500\u2500\u2500\u2500\u2500\u2500\u2500\u2500\u2500\u2500\u2500\u2500\u2500\u2500\u2500\u2500\u2500\u2500\u2500\u2500\u2500\u2500\u2500\u2500\u2500\u2500\u2500\u2500\u2500\u2500\u2500\u2500\u2500\u2500\u2500\u2500\u2500\u2500\u2500\u2500\u2500\u2500\u2500\u2500\u2500\u2500\u2500\u2500\u2500\u2500\u2500\u2500\u2500\u2500\u2500\nTECHNICAL AGENT\n  Signal      : \u25b2 BULLISH\n  Score       : 72.8 / 100  [good]\n  Confidence  : low  (computed: 0.09)\n  Subscores   : ema_trend: 97% | macd_system: 87% | rsi_regime: 82% | bollinger: 80% | volume_obv: 33% | adx_stochastic: 37% | pattern_recognition: 60% | ichimoku: 76% | momentum: 60%\n\n\u2500\u2500\u2500\u2500\u2500\u2500\u2500\u2500\u2500\u2500\u2500\u2500\u2500\u2500\u2500\u2500\u2500\u2500\u2500\u2500\u2500\u2500\u2500\u2500\u2500\u2500\u2500\u2500\u2500\u2500\u2500\u2500\u2500\u2500\u2500\u2500\u2500\u2500\u2500\u2500\u2500\u2500\u2500\u2500\u2500\u2500\u2500\u2500\u2500\u2500\u2500\u2500\u2500\u2500\u2500\u2500\u2500\u2500\u2500\u2500\u2500\u2500\u2500\u2500\nFUNDAMENTAL AGENT\n  Signal      : \u2014 NEUTRAL\n  Score       : 40.8 / 100  [mixed]\n  Confidence  : medium  (computed: 0.03)\n  Data quality: fair\n  Subscores   : financial_health: 43% | valuation: 35% | quality: None | growth: 47%\n\n================================================================"
}