{
  "ticker": "LLY",
  "analysis_date": null,
  "final_signal": "neutral",
  "final_confidence": 0.7,
  "orchestrator_score": 51.15,
  "conflict_detected": false,
  "conflict_resolution": null,
  "weights_applied": {
    "tech": 0.5,
    "fund": 0.5
  },
  "tech_output": {
    "signal": "neutral",
    "score": 47.4,
    "band": "mixed",
    "confidence": "medium",
    "computed_confidence": 0.10400000000000005,
    "subscores": {
      "ema_trend": 56.0,
      "macd_system": 63.0,
      "rsi_regime": 58.0,
      "bollinger": 35.0,
      "volume_obv": 56.0,
      "adx_stochastic": 53.0,
      "pattern_recognition": 56.5,
      "ichimoku": 0.0,
      "momentum": 45.0
    },
    "data_quality": null,
    "adx_confidence": null
  },
  "fund_output": {
    "signal": "neutral",
    "score": 54.9,
    "band": "mixed",
    "confidence": "high",
    "computed_confidence": 0.28400000000000003,
    "subscores": {
      "financial_health": 73.9,
      "valuation": 30.0,
      "quality": 67.5,
      "growth": 73.3
    },
    "data_quality": "good",
    "adx_confidence": null
  },
  "tech_error": null,
  "fund_error": null,
  "note": null,
  "text_report": "ORCHESTRATOR REPORT  \u2014  LLY\n================================================================\nAnalysis date : latest\n\n  SIGNAL      : \u2014 NEUTRAL\n  SCORE       : 51.1 / 100\n  CONFIDENCE  : 70%\n\n  Weights     : Tech 50%  |  Fund 50%\n  Conflict    : No\n\n\u2500\u2500\u2500\u2500\u2500\u2500\u2500\u2500\u2500\u2500\u2500\u2500\u2500\u2500\u2500\u2500\u2500\u2500\u2500\u2500\u2500\u2500\u2500\u2500\u2500\u2500\u2500\u2500\u2500\u2500\u2500\u2500\u2500\u2500\u2500\u2500\u2500\u2500\u2500\u2500\u2500\u2500\u2500\u2500\u2500\u2500\u2500\u2500\u2500\u2500\u2500\u2500\u2500\u2500\u2500\u2500\u2500\u2500\u2500\u2500\u2500\u2500\u2500\u2500\nTECHNICAL AGENT\n  Signal      : \u2014 NEUTRAL\n  Score       : 47.4 / 100  [mixed]\n  Confidence  : medium  (computed: 0.10)\n  Subscores   : ema_trend: 56% | macd_system: 63% | rsi_regime: 58% | bollinger: 35% | volume_obv: 56% | adx_stochastic: 53% | pattern_recognition: 56% | ichimoku: 0% | momentum: 45%\n\n\u2500\u2500\u2500\u2500\u2500\u2500\u2500\u2500\u2500\u2500\u2500\u2500\u2500\u2500\u2500\u2500\u2500\u2500\u2500\u2500\u2500\u2500\u2500\u2500\u2500\u2500\u2500\u2500\u2500\u2500\u2500\u2500\u2500\u2500\u2500\u2500\u2500\u2500\u2500\u2500\u2500\u2500\u2500\u2500\u2500\u2500\u2500\u2500\u2500\u2500\u2500\u2500\u2500\u2500\u2500\u2500\u2500\u2500\u2500\u2500\u2500\u2500\u2500\u2500\nFUNDAMENTAL AGENT\n  Signal      : \u2014 NEUTRAL\n  Score       : 54.9 / 100  [mixed]\n  Confidence  : high  (computed: 0.28)\n  Data quality: good\n  Subscores   : financial_health: 74% | valuation: 30% | quality: 68% | growth: 73%\n\n================================================================"
}