{
  "ticker": "MA",
  "analysis_date": null,
  "final_signal": "neutral",
  "final_confidence": 0.7,
  "orchestrator_score": 45.95,
  "conflict_detected": false,
  "conflict_resolution": null,
  "weights_applied": {
    "tech": 0.5,
    "fund": 0.5
  },
  "tech_output": {
    "signal": "neutral",
    "score": 35.7,
    "band": "mixed",
    "confidence": "medium",
    "computed_confidence": 0.028000000000000115,
    "subscores": {
      "ema_trend": 0.0,
      "macd_system": 76.0,
      "rsi_regime": 51.0,
      "bollinger": 25.0,
      "volume_obv": 69.0,
      "adx_stochastic": 37.0,
      "pattern_recognition": 49.4,
      "ichimoku": 0.0,
      "momentum": 25.0
    },
    "data_quality": null,
    "adx_confidence": null
  },
  "fund_output": {
    "signal": "neutral",
    "score": 56.2,
    "band": "mixed",
    "confidence": "medium",
    "computed_confidence": 0.23199999999999987,
    "subscores": {
      "financial_health": 100.0,
      "valuation": 36.6,
      "quality": null,
      "growth": 53.3
    },
    "data_quality": "fair",
    "adx_confidence": null
  },
  "tech_error": null,
  "fund_error": null,
  "note": null,
  "text_report": "ORCHESTRATOR REPORT  \u2014  MA\n================================================================\nAnalysis date : latest\n\n  SIGNAL      : \u2014 NEUTRAL\n  SCORE       : 46.0 / 100\n  CONFIDENCE  : 70%\n\n  Weights     : Tech 50%  |  Fund 50%\n  Conflict    : No\n\n\u2500\u2500\u2500\u2500\u2500\u2500\u2500\u2500\u2500\u2500\u2500\u2500\u2500\u2500\u2500\u2500\u2500\u2500\u2500\u2500\u2500\u2500\u2500\u2500\u2500\u2500\u2500\u2500\u2500\u2500\u2500\u2500\u2500\u2500\u2500\u2500\u2500\u2500\u2500\u2500\u2500\u2500\u2500\u2500\u2500\u2500\u2500\u2500\u2500\u2500\u2500\u2500\u2500\u2500\u2500\u2500\u2500\u2500\u2500\u2500\u2500\u2500\u2500\u2500\nTECHNICAL AGENT\n  Signal      : \u2014 NEUTRAL\n  Score       : 35.7 / 100  [mixed]\n  Confidence  : medium  (computed: 0.03)\n  Subscores   : ema_trend: 0% | macd_system: 76% | rsi_regime: 51% | bollinger: 25% | volume_obv: 69% | adx_stochastic: 37% | pattern_recognition: 49% | ichimoku: 0% | momentum: 25%\n\n\u2500\u2500\u2500\u2500\u2500\u2500\u2500\u2500\u2500\u2500\u2500\u2500\u2500\u2500\u2500\u2500\u2500\u2500\u2500\u2500\u2500\u2500\u2500\u2500\u2500\u2500\u2500\u2500\u2500\u2500\u2500\u2500\u2500\u2500\u2500\u2500\u2500\u2500\u2500\u2500\u2500\u2500\u2500\u2500\u2500\u2500\u2500\u2500\u2500\u2500\u2500\u2500\u2500\u2500\u2500\u2500\u2500\u2500\u2500\u2500\u2500\u2500\u2500\u2500\nFUNDAMENTAL AGENT\n  Signal      : \u2014 NEUTRAL\n  Score       : 56.2 / 100  [mixed]\n  Confidence  : medium  (computed: 0.23)\n  Data quality: fair\n  Subscores   : financial_health: 100% | valuation: 37% | quality: None | growth: 53%\n\n================================================================"
}