{
  "ticker": "MSFT",
  "analysis_date": null,
  "final_signal": "bearish",
  "final_confidence": 0.2754,
  "orchestrator_score": 30.56,
  "conflict_detected": false,
  "conflict_resolution": null,
  "weights_applied": {
    "tech": 0.85,
    "fund": 0.15
  },
  "tech_output": {
    "signal": "bearish",
    "score": 26.9,
    "band": "weak",
    "confidence": "medium",
    "computed_confidence": 0.32400000000000007,
    "subscores": {
      "ema_trend": 0.0,
      "macd_system": 33.0,
      "rsi_regime": 51.0,
      "bollinger": 46.0,
      "volume_obv": 22.0,
      "adx_stochastic": 42.0,
      "pattern_recognition": 42.8,
      "ichimoku": 0.0,
      "momentum": 25.0
    },
    "data_quality": null,
    "adx_confidence": null
  },
  "fund_output": {
    "signal": "neutral",
    "score": 51.3,
    "band": "mixed",
    "confidence": "high",
    "computed_confidence": 0.4280000000000001,
    "subscores": {
      "financial_health": 68.3,
      "valuation": 35.0,
      "quality": 67.5,
      "growth": 46.7
    },
    "data_quality": "good",
    "adx_confidence": null
  },
  "tech_error": null,
  "fund_error": null,
  "note": null,
  "text_report": "ORCHESTRATOR REPORT  \u2014  MSFT\n================================================================\nAnalysis date : latest\n\n  SIGNAL      : \u25bc BEARISH\n  SCORE       : 30.6 / 100\n  CONFIDENCE  : 28%\n\n  Weights     : Tech 85%  |  Fund 15%\n  Conflict    : No\n\n\u2500\u2500\u2500\u2500\u2500\u2500\u2500\u2500\u2500\u2500\u2500\u2500\u2500\u2500\u2500\u2500\u2500\u2500\u2500\u2500\u2500\u2500\u2500\u2500\u2500\u2500\u2500\u2500\u2500\u2500\u2500\u2500\u2500\u2500\u2500\u2500\u2500\u2500\u2500\u2500\u2500\u2500\u2500\u2500\u2500\u2500\u2500\u2500\u2500\u2500\u2500\u2500\u2500\u2500\u2500\u2500\u2500\u2500\u2500\u2500\u2500\u2500\u2500\u2500\nTECHNICAL AGENT\n  Signal      : \u25bc BEARISH\n  Score       : 26.9 / 100  [weak]\n  Confidence  : medium  (computed: 0.32)\n  Subscores   : ema_trend: 0% | macd_system: 33% | rsi_regime: 51% | bollinger: 46% | volume_obv: 22% | adx_stochastic: 42% | pattern_recognition: 43% | ichimoku: 0% | momentum: 25%\n\n\u2500\u2500\u2500\u2500\u2500\u2500\u2500\u2500\u2500\u2500\u2500\u2500\u2500\u2500\u2500\u2500\u2500\u2500\u2500\u2500\u2500\u2500\u2500\u2500\u2500\u2500\u2500\u2500\u2500\u2500\u2500\u2500\u2500\u2500\u2500\u2500\u2500\u2500\u2500\u2500\u2500\u2500\u2500\u2500\u2500\u2500\u2500\u2500\u2500\u2500\u2500\u2500\u2500\u2500\u2500\u2500\u2500\u2500\u2500\u2500\u2500\u2500\u2500\u2500\nFUNDAMENTAL AGENT\n  Signal      : \u2014 NEUTRAL\n  Score       : 51.3 / 100  [mixed]\n  Confidence  : high  (computed: 0.43)\n  Data quality: good\n  Subscores   : financial_health: 68% | valuation: 35% | quality: 68% | growth: 47%\n\n================================================================"
}