{
  "ticker": "UNH",
  "analysis_date": null,
  "final_signal": "neutral",
  "final_confidence": 0.0396,
  "orchestrator_score": 39.3,
  "conflict_detected": false,
  "conflict_resolution": null,
  "weights_applied": {
    "tech": 0.15,
    "fund": 0.85
  },
  "tech_output": {
    "signal": "neutral",
    "score": 41.6,
    "band": "mixed",
    "confidence": "medium",
    "computed_confidence": 0.26400000000000007,
    "subscores": {
      "ema_trend": 8.0,
      "macd_system": 63.0,
      "rsi_regime": 58.0,
      "bollinger": 70.0,
      "volume_obv": 22.0,
      "adx_stochastic": 52.0,
      "pattern_recognition": 61.5,
      "ichimoku": 23.0,
      "momentum": 35.0
    },
    "data_quality": null,
    "adx_confidence": null
  },
  "fund_output": {
    "signal": "bearish",
    "score": 38.9,
    "band": "weak",
    "confidence": "high",
    "computed_confidence": 0.04400000000000006,
    "subscores": {
      "financial_health": 57.9,
      "valuation": 30.0,
      "quality": 35.0,
      "growth": 33.3
    },
    "data_quality": "good",
    "adx_confidence": null
  },
  "tech_error": null,
  "fund_error": null,
  "note": null,
  "text_report": "ORCHESTRATOR REPORT  \u2014  UNH\n================================================================\nAnalysis date : latest\n\n  SIGNAL      : \u2014 NEUTRAL\n  SCORE       : 39.3 / 100\n  CONFIDENCE  : 4%\n\n  Weights     : Tech 15%  |  Fund 85%\n  Conflict    : No\n\n\u2500\u2500\u2500\u2500\u2500\u2500\u2500\u2500\u2500\u2500\u2500\u2500\u2500\u2500\u2500\u2500\u2500\u2500\u2500\u2500\u2500\u2500\u2500\u2500\u2500\u2500\u2500\u2500\u2500\u2500\u2500\u2500\u2500\u2500\u2500\u2500\u2500\u2500\u2500\u2500\u2500\u2500\u2500\u2500\u2500\u2500\u2500\u2500\u2500\u2500\u2500\u2500\u2500\u2500\u2500\u2500\u2500\u2500\u2500\u2500\u2500\u2500\u2500\u2500\nTECHNICAL AGENT\n  Signal      : \u2014 NEUTRAL\n  Score       : 41.6 / 100  [mixed]\n  Confidence  : medium  (computed: 0.26)\n  Subscores   : ema_trend: 8% | macd_system: 63% | rsi_regime: 58% | bollinger: 70% | volume_obv: 22% | adx_stochastic: 52% | pattern_recognition: 62% | ichimoku: 23% | momentum: 35%\n\n\u2500\u2500\u2500\u2500\u2500\u2500\u2500\u2500\u2500\u2500\u2500\u2500\u2500\u2500\u2500\u2500\u2500\u2500\u2500\u2500\u2500\u2500\u2500\u2500\u2500\u2500\u2500\u2500\u2500\u2500\u2500\u2500\u2500\u2500\u2500\u2500\u2500\u2500\u2500\u2500\u2500\u2500\u2500\u2500\u2500\u2500\u2500\u2500\u2500\u2500\u2500\u2500\u2500\u2500\u2500\u2500\u2500\u2500\u2500\u2500\u2500\u2500\u2500\u2500\nFUNDAMENTAL AGENT\n  Signal      : \u25bc BEARISH\n  Score       : 38.9 / 100  [weak]\n  Confidence  : high  (computed: 0.04)\n  Data quality: good\n  Subscores   : financial_health: 58% | valuation: 30% | quality: 35% | growth: 33%\n\n================================================================"
}